{
  "name": "angular-animate",
  "version": "1.4.2",
  "main": "./angular-animate.js",
  "ignore": [],
  "dependencies": {
    "angular": "1.4.2"
  },
  "homepage": "https://github.com/angular/bower-angular-animate",
  "_release": "1.4.2",
  "_resolution": {
    "type": "version",
    "tag": "v1.4.2",
    "commit": "8753e3cc8facaf2da19dbe26d318e566b89e452e"
  },
  "_source": "git://github.com/angular/bower-angular-animate.git",
  "_target": "^1.3.0 || >1.4.0-beta.0",
  "_originalSource": "angular-animate"
}