{
  "name": "angular-messages",
  "version": "1.4.2",
  "main": "./angular-messages.js",
  "ignore": [],
  "dependencies": {
    "angular": "1.4.2"
  },
  "homepage": "https://github.com/angular/bower-angular-messages",
  "_release": "1.4.2",
  "_resolution": {
    "type": "version",
    "tag": "v1.4.2",
    "commit": "73f07f386f33a3b9388c8be3cbee00ff3c30a7c7"
  },
  "_source": "git://github.com/angular/bower-angular-messages.git",
  "_target": "~1.4.2",
  "_originalSource": "angular-messages",
  "_direct": true
}