{
  "name": "platform.js",
  "main": "platform.js",
  "ignore": [
    ".*",
    "*.log",
    "*.md",
    "package.json",
    "doc",
    "test"
  ],
  "homepage": "https://github.com/bestiejs/platform.js",
  "version": "1.3.1",
  "_release": "1.3.1",
  "_resolution": {
    "type": "version",
    "tag": "1.3.1",
    "commit": "e144543974b1b82226c424c1df401348f7ff8da5"
  },
  "_source": "git://github.com/bestiejs/platform.js.git",
  "_target": "~1.3.1",
  "_originalSource": "platform",
  "_direct": true
}